{"Discount": [0.0, 0.0], "rpc": [19516666666.666668, 20148666666.666668], "wti": [2.623095238095239, 6.362142857142857], "Unemployment_Rate": [3.0499999999999994, 5.85], "personal_income": [0, 70216069.84482759], "Total_price": [0, 2180.57]}