{"Discount": [0.0, 0.0], "rpc": [19516666666.666668, 20148666666.666668], "wti": [56.24921052631581, 72.07447368421052], "Unemployment_Rate": [3.0499999999999994, 5.85], "personal_income": [0, 70216069.8448276], "Total_price": [0, 2180.57]}